<MediaImport>
  <ProviderName>icaintegration</ProviderName>
  <MediaType name="Image">
    <ContentType>Foundation.Features.Media.ImageMediaData, Foundation</ContentType>
    <ContentFolderUri>Commerce/Images</ContentFolderUri>
    <ContentProperty>
      <Name>Description</Name>
      <Type>String</Type>
    </ContentProperty>
  </MediaType>
  <MediaGroup mediaTypeName="Image" count="3">
    <Media>
      <IntegrationId>53794</IntegrationId>
      <Name>1.jpg</Name>
      <BlobContent>
        <ExternalUri>https://asset.productmarketingcloud.com/api/assetstorage/6877_10433b88-224b-4efa-a9f5-e5c7290cd8ba</ExternalUri>
      </BlobContent>
      <Properties>
        <Value>
          <Name>Description</Name>
          <String />
        </Value>
      </Properties>
      <CatalogEntries>
        <Association>
          <Code>P-22471487</Code>
          <GroupName>Image</GroupName>
          <SortOrder>1</SortOrder>
        </Association>
      </CatalogEntries>
    </Media>
    <Media>
      <IntegrationId>37518</IntegrationId>
      <Name>2.jpg</Name>
      <BlobContent>
        <ExternalUri>https://asset-prod1a-euw.productmarketingcloud.com/api/assetstorage/6877_77346ae3-f891-44b8-ad04-585757a63d52</ExternalUri>
      </BlobContent>
      <Properties>
        <Value>
          <Name>Description</Name>
          <String />
        </Value>
      </Properties>
      <CatalogEntries>
        <Association>
          <Code>P-22471487</Code>
          <GroupName>Image</GroupName>
          <SortOrder>2</SortOrder>
        </Association>
      </CatalogEntries>
    </Media>
    <Media>
      <IntegrationId>44136</IntegrationId>
      <Name>3.jpg</Name>
      <BlobContent>
        <ExternalUri>https://asset-prod1a-euw.productmarketingcloud.com/api/assetstorage/6877_ae024f24-da52-43af-b865-ef760fdbfc5f</ExternalUri>
      </BlobContent>
      <Properties>
        <Value>
          <Name>Description</Name>
          <String />
        </Value>
      </Properties>
      <CatalogEntries>
        <Association>
          <Code>P-22471487</Code>
          <GroupName>Image</GroupName>
          <SortOrder>3</SortOrder>
        </Association>
      </CatalogEntries>
    </Media>
  </MediaGroup>
</MediaImport>